Banco Central do Brasil;;;;;;;;;;;;;;;;;;;;;
Diretoria de Fiscalização - Depto de Monitoramento do Sistema Financeiro (Desig);;;;;;;;;;;;;;;;;;;;;
Mercado de Câmbio - Ranking Mensal das Instituições Financeiras;;;;;;;;;;;;;;;;;;;;;
;;;;;;;;;;;;;;;;;;;;;
Registros de câmbio contratado - Acumulado Jan-Mai/2023;;;;;;;;;;;;;;;;;;;;;
Rank ;CNPJ da Instituição; Nome da Instituição ; Exportação ;; Importação ;; Transferência do Exterior ;; Transferência p/ Exterior ;; Total do Primário ;; Interbancário - Compra ;; Interbancário - Venda ;; Total do Interbancário ;; Total ;;
;;; Quant. ; Valor (US$) ; Quant. ; Valor (US$) ; Quant. ; Valor (US$) ; Quant. ; Valor (US$) ; Quant. ; Valor (US$) ; Quant. ; Valor (US$) ; Quant. ; Valor (US$) ; Quant. ; Valor (US$) ; Quant. ; Valor (US$) ;
1;90.400.888;BANCO SANTANDER (BRASIL) S.A.; 14.274 ; 14.739.775.796 ; 32.292 ; 11.853.019.122 ; 129.140 ; 24.495.861.353 ; 230.617 ; 25.212.944.864 ; 406.323 ; 76.301.601.135 ; 4.275 ; 57.150.773.521 ; 4.165 ; 51.586.988.380 ; 8.440 ; 108.737.761.902 ; 414.763 ; 185.039.363.037 ;
2;60.701.190;ITAÚ UNIBANCO S.A.; 24.816 ; 19.286.833.654 ; 64.429 ; 16.736.787.605 ; 245.300 ; 25.186.220.561 ; 370.372 ; 27.033.594.296 ; 704.917 ; 88.243.436.116 ; 3.228 ; 39.229.789.227 ; 3.414 ; 42.093.304.667 ; 6.642 ; 81.323.093.895 ; 711.559 ; 169.566.530.011 ;
3;61.533.584;BANCO SOCIETE GENERALE BRASIL S.A.; 492 ; 835.099.134 ; 2.558 ; 1.916.937.406 ; 680 ; 2.269.728.252 ; 1.959 ; 2.338.957.351 ; 5.689 ; 7.360.722.142 ; 2.190 ; 64.491.418.131 ; 2.315 ; 63.636.913.396 ; 4.505 ; 128.128.331.527 ; 10.194 ; 135.489.053.668 ;
4;33.479.023;BANCO CITIBANK S.A.; 6.257 ; 11.316.032.624 ; 35.727 ; 8.633.313.272 ; 38.586 ; 36.519.677.614 ; 51.118 ; 37.007.855.223 ; 131.688 ; 93.476.878.733 ; 1.018 ; 19.419.695.869 ; 1.233 ; 22.218.414.842 ; 2.251 ; 41.638.110.711 ; 133.939 ; 135.114.989.443 ;
5;33.172.537;BANCO J.P. MORGAN S.A.; 1.585 ; 4.535.100.637 ; 11.982 ; 3.025.016.149 ; 10.247 ; 29.448.431.808 ; 15.528 ; 28.616.713.257 ; 39.342 ; 65.625.261.850 ; 2.393 ; 30.645.042.977 ; 2.474 ; 29.721.467.702 ; 4.867 ; 60.366.510.679 ; 44.209 ; 125.991.772.529 ;
6;00.000.000;BANCO DO BRASIL S.A.; 41.994 ; 21.942.573.094 ; 85.436 ; 14.408.278.693 ; 250.176 ; 9.071.826.889 ; 285.810 ; 13.366.811.379 ; 663.416 ; 58.789.490.054 ; 1.863 ; 8.060.795.836 ; 1.858 ; 13.357.511.077 ; 3.721 ; 21.418.306.912 ; 667.137 ; 80.207.796.967 ;
7;30.306.294;BANCO BTG PACTUAL S.A.; 1.492 ; 3.796.093.905 ; 5.784 ; 2.645.820.936 ; 12.283 ; 7.182.934.757 ; 18.730 ; 5.735.458.494 ; 38.289 ; 19.360.308.092 ; 1.282 ; 29.020.788.684 ; 1.834 ; 26.390.838.541 ; 3.116 ; 55.411.627.225 ; 41.405 ; 74.771.935.317 ;
8;60.746.948;BANCO BRADESCO S.A.; 14.939 ; 15.575.193.765 ; 26.757 ; 6.284.622.293 ; 115.550 ; 10.730.156.623 ; 103.042 ; 12.652.005.414 ; 260.288 ; 45.241.978.095 ; 2.416 ; 10.382.755.536 ; 2.654 ; 18.055.907.323 ; 5.070 ; 28.438.662.859 ; 265.358 ; 73.680.640.954 ;
9;01.522.368;BANCO BNP PARIBAS BRASIL S.A.; 855 ; 3.001.361.571 ; 3.518 ; 1.403.625.642 ; 7.661 ; 6.795.557.424 ; 11.700 ; 6.569.102.785 ; 23.734 ; 17.769.647.422 ; 4.347 ; 14.143.316.501 ; 4.414 ; 16.012.058.636 ; 8.761 ; 30.155.375.137 ; 32.495 ; 47.925.022.559 ;
10;62.073.200;BANK OF AMERICA MERRILL LYNCH BANCO MÚLTIPLO S.A.; 796 ; 4.441.208.415 ; 3.494 ; 2.164.571.435 ; 2.767 ; 8.835.608.858 ; 3.754 ; 11.613.738.488 ; 10.811 ; 27.055.127.195 ; 1.017 ; 6.975.090.998 ; 712 ; 6.520.462.486 ; 1.729 ; 13.495.553.484 ; 12.540 ; 40.550.680.678 ;
11;04.332.281;GOLDMAN SACHS DO BRASIL BANCO MULTIPLO S.A.; -   ; -   ; 2 ; 60.608.606 ; 1.073 ; 10.333.647.671 ; 1.281 ; 12.890.165.646 ; 2.356 ; 23.284.421.924 ; 252 ; 10.015.770.221 ; 225 ; 5.850.829.344 ; 477 ; 15.866.599.565 ; 2.833 ; 39.151.021.489 ;
12;60.498.557;BANCO MUFG BRASIL S.A.; 418 ; 254.949.444 ; 1.308 ; 423.245.243 ; 1.357 ; 833.231.223 ; 2.588 ; 949.577.593 ; 5.671 ; 2.461.003.503 ; 3.291 ; 14.377.413.943 ; 3.304 ; 14.206.551.966 ; 6.595 ; 28.583.965.909 ; 12.266 ; 31.044.969.412 ;
13;62.331.228;DEUTSCHE BANK S.A. - BANCO ALEMAO; 534 ; 920.755.116 ; 1.264 ; 1.044.604.046 ; 1.202 ; 2.458.111.560 ; 1.955 ; 1.632.231.215 ; 4.955 ; 6.055.701.938 ; 3.183 ; 8.443.635.277 ; 3.245 ; 9.179.415.749 ; 6.428 ; 17.623.051.026 ; 11.383 ; 23.678.752.964 ;
14;09.274.232;STATE STREET BRASIL S.A. - BANCO COMERCIAL; -   ; -   ; -   ; -   ; 1.200 ; 7.299.737.853 ; 1.110 ; 8.453.006.037 ; 2.310 ; 15.752.743.890 ; 291 ; 4.188.781.243 ; 251 ; 3.035.445.088 ; 542 ; 7.224.226.331 ; 2.852 ; 22.976.970.221 ;
15;03.532.415;BANCO ABN AMRO S.A.; -   ; -   ; -   ; -   ; 1.530 ; 9.890.054.783 ; 1.641 ; 9.579.526.066 ; 3.171 ; 19.469.580.849 ; 43 ; 712.120.936 ; 48 ; 1.080.000.000 ; 91 ; 1.792.120.936 ; 3.262 ; 21.261.701.785 ;
16;53.518.684;BANCO HSBC S.A.; 128 ; 1.591.079.006 ; 279 ; 207.285.334 ; 912 ; 2.166.101.861 ; 1.480 ; 1.573.046.117 ; 2.799 ; 5.537.512.317 ; 658 ; 5.934.439.206 ; 721 ; 7.829.065.861 ; 1.379 ; 13.763.505.066 ; 4.178 ; 19.301.017.384 ;
17;59.588.111;BANCO VOTORANTIM S.A.; 1.353 ; 1.574.759.651 ; 4.067 ; 638.832.852 ; 1.104 ; 1.672.738.750 ; 3.398 ; 1.042.321.491 ; 9.922 ; 4.928.652.744 ; 1.964 ; 6.128.551.474 ; 3.082 ; 7.411.032.989 ; 5.046 ; 13.539.584.463 ; 14.968 ; 18.468.237.206 ;
18;11.703.662;TRAVELEX BANCO DE CÂMBIO S.A.; 2.099 ; 294.389.953 ; 2.295 ; 331.109.780 ; 31.289 ; 3.769.655.810 ; 40.207 ; 5.070.010.522 ; 75.890 ; 9.465.166.065 ; 8.002 ; 3.257.514.938 ; 24.843 ; 1.926.653.718 ; 32.845 ; 5.184.168.656 ; 108.735 ; 14.649.334.721 ;
19;07.679.404;BANCO TOPÁZIO S.A.; 820 ; 269.532.089 ; 202 ; 54.367.401 ; 126.116 ; 628.600.673 ; 357.256 ; 5.733.275.866 ; 484.394 ; 6.685.776.030 ; 5.247 ; 6.275.116.629 ; 15.295 ; 1.379.269.075 ; 20.542 ; 7.654.385.704 ; 504.936 ; 14.340.161.734 ;
20;33.264.668;BANCO XP S.A.; 1.542 ; 664.503.655 ; 11.030 ; 2.175.151.431 ; 18.262 ; 1.971.988.400 ; 89.433 ; 3.909.211.300 ; 120.267 ; 8.720.854.786 ; 569 ; 4.455.901.817 ; 449 ; 1.058.623.445 ; 1.018 ; 5.514.525.262 ; 121.285 ; 14.235.380.048 ;
21;31.872.495;BANCO C6 S.A.; 311 ; 797.259.480 ; 2.935 ; 603.076.313 ; 56.366 ; 1.660.840.157 ; 470.041 ; 2.833.164.161 ; 529.653 ; 5.894.340.111 ; 575 ; 4.262.455.003 ; 827 ; 3.327.428.138 ; 1.402 ; 7.589.883.140 ; 531.055 ; 13.484.223.252 ;
22;01.023.570;BANCO RABOBANK INTERNATIONAL BRASIL S.A.; 373 ; 1.954.997.938 ; 45 ; 17.756.173 ; 442 ; 1.465.376.044 ; 1.120 ; 1.797.015.591 ; 1.980 ; 5.235.145.746 ; 357 ; 2.680.999.409 ; 420 ; 4.205.893.890 ; 777 ; 6.886.893.299 ; 2.757 ; 12.122.039.045 ;
23;19.307.785;BRAZA BANK S.A. BANCO DE CÂMBIO; 542 ; 33.427.056 ; 4.806 ; 569.205.052 ; 1.568 ; 218.895.323 ; 48.643 ; 244.453.157 ; 55.559 ; 1.065.980.588 ; 1.942 ; 5.439.465.277 ; 2.298 ; 4.875.202.690 ; 4.240 ; 10.314.667.966 ; 59.799 ; 11.380.648.554 ;
24;78.632.767;BANCO OURINVEST S.A.; 3.574 ; 456.075.053 ; 12.102 ; 712.810.622 ; 140.887 ; 1.800.218.303 ; 199.622 ; 3.252.970.615 ; 356.185 ; 6.222.074.593 ; 4.051 ; 3.381.006.890 ; 58.777 ; 1.612.404.412 ; 62.828 ; 4.993.411.302 ; 419.013 ; 11.215.485.895 ;
25;02.801.938;BANCO MORGAN STANLEY S.A.; 76 ; 1.321.798.317 ; 254 ; 433.581.268 ; 921 ; 3.137.658.281 ; 1.057 ; 2.444.709.450 ; 2.308 ; 7.337.747.316 ; 39 ; 1.113.801.064 ; 89 ; 2.628.911.399 ; 128 ; 3.742.712.463 ; 2.436 ; 11.080.459.779 ;
26;28.195.667;BANCO ABC BRASIL S.A.; 536 ; 492.257.940 ; 1.737 ; 523.782.537 ; 1.108 ; 893.777.765 ; 2.730 ; 927.796.158 ; 6.111 ; 2.837.614.399 ; 667 ; 4.075.984.638 ; 1.316 ; 4.144.183.351 ; 1.983 ; 8.220.167.989 ; 8.094 ; 11.057.782.389 ;
27;75.647.891;BANCO CRÉDIT AGRICOLE BRASIL S.A.; 37 ; 290.125.178 ; 15 ; 2.045.160 ; 116 ; 510.112.697 ; 214 ; 208.579.798 ; 382 ; 1.010.862.832 ; 398 ; 4.680.095.620 ; 435 ; 5.285.920.919 ; 833 ; 9.966.016.539 ; 1.215 ; 10.976.879.372 ;
28;58.160.789;BANCO SAFRA S.A.; 1.069 ; 382.537.676 ; 2.241 ; 589.766.219 ; 123.754 ; 2.524.797.837 ; 90.109 ; 1.645.530.249 ; 217.173 ; 5.142.631.981 ; 1.481 ; 1.787.742.415 ; 1.607 ; 2.552.180.286 ; 3.088 ; 4.339.922.701 ; 220.261 ; 9.482.554.682 ;
29;61.088.183;BANCO MIZUHO DO BRASIL S.A.; 429 ; 815.896.380 ; 909 ; 279.703.295 ; 382 ; 939.454.849 ; 858 ; 664.264.950 ; 2.578 ; 2.699.319.473 ; 474 ; 2.793.961.677 ; 558 ; 3.760.216.469 ; 1.032 ; 6.554.178.146 ; 3.610 ; 9.253.497.619 ;
30;62.232.889;BANCO DAYCOVAL S.A.; 1.192 ; 295.231.755 ; 3.454 ; 650.415.082 ; 244.446 ; 1.751.379.906 ; 231.818 ; 1.554.913.743 ; 480.910 ; 4.251.940.485 ; 2.181 ; 1.803.231.997 ; 8.022 ; 1.708.872.698 ; 10.203 ; 3.512.104.695 ; 491.113 ; 7.764.045.180 ;
31;29.030.467;SCOTIABANK BRASIL S.A. BANCO MÚLTIPLO; 21 ; 367.654.451 ; 47 ; 139.427.582 ; 91 ; 1.515.048.788 ; 664 ; 794.300.251 ; 823 ; 2.816.431.073 ; 101 ; 1.803.720.677 ; 184 ; 3.140.977.279 ; 285 ; 4.944.697.956 ; 1.108 ; 7.761.129.029 ;
32;07.450.604;CHINA CONSTRUCTION BANK (BRASIL) BANCO MÚLTIPLO S/A; 285 ; 406.055.950 ; 1.348 ; 253.832.702 ; 128 ; 1.315.637.237 ; 1.030 ; 1.247.150.028 ; 2.791 ; 3.222.675.917 ; 263 ; 2.005.648.620 ; 215 ; 2.214.417.271 ; 478 ; 4.220.065.891 ; 3.269 ; 7.442.741.808 ;
33;68.900.810;BANCO RENDIMENTO S.A.; 40 ; 24.397.989 ; 591 ; 480.728.797 ; 358.365 ; 1.085.030.940 ; 18.842 ; 368.460.692 ; 377.838 ; 1.958.618.418 ; 6.713 ; 1.713.526.594 ; 34.965 ; 1.978.793.825 ; 41.678 ; 3.692.320.419 ; 419.516 ; 5.650.938.837 ;
34;33.987.793;BANCO DE INVESTIMENTOS CREDIT SUISSE (BRASIL) S.A.; -   ; -   ; 1 ; 1.995.411 ; 520 ; 1.733.846.402 ; 775 ; 2.241.610.253 ; 1.296 ; 3.977.452.066 ; 77 ; 886.353.331 ; 57 ; 281.438.022 ; 134 ; 1.167.791.352 ; 1.430 ; 5.145.243.418 ;
35;36.588.217;WISE BRASIL CORRETORA DE CÂMBIO LTDA; -   ; -   ; -   ; -   ; 3.292.185 ; 1.539.985.888 ; 3.676.174 ; 1.606.690.533 ; 6.968.359 ; 3.146.676.422 ; 4.777 ; 915.089.888 ; 4.777 ; 848.387.806 ; 9.554 ; 1.763.477.694 ; 6.977.913 ; 4.910.154.116 ;
36;58.616.418;BANCO FIBRA S.A.; 334 ; 265.780.538 ; 2.196 ; 675.189.071 ; 216 ; 116.502.362 ; 2.349 ; 144.381.131 ; 5.095 ; 1.201.853.101 ; 481 ; 1.993.840.421 ; 427 ; 1.581.316.075 ; 908 ; 3.575.156.496 ; 6.003 ; 4.777.009.597 ;
37;00.038.166;BANCO CENTRAL DO BRASIL; -   ; -   ; -   ; -   ; 15 ; 168.475.909 ; -   ; -   ; 15 ; 168.475.909 ; 4 ; 2.034.844.375 ; 4 ; 2.000.000.000 ; 8 ; 4.034.844.375 ; 23 ; 4.203.320.284 ;
38;15.114.366;BANCO BOCOM BBM S.A.; 40 ; 21.969.247 ; 181 ; 46.103.557 ; 168 ; 531.054.432 ; 1.127 ; 329.215.159 ; 1.516 ; 928.342.395 ; 118 ; 1.540.360.714 ; 184 ; 1.641.404.530 ; 302 ; 3.181.765.244 ; 1.818 ; 4.110.107.639 ;
39;60.518.222;BANCO SUMITOMO MITSUI BRASILEIRO S.A.; 346 ; 460.849.693 ; 1.041 ; 528.080.124 ; 2.023 ; 802.670.365 ; 4.718 ; 481.462.059 ; 8.128 ; 2.273.062.241 ; 317 ; 661.580.216 ; 327 ; 946.023.131 ; 644 ; 1.607.603.347 ; 8.772 ; 3.880.665.588 ;
40;71.027.866;BANCO BS2 S.A.; 1.568 ; 409.738.634 ; 5.912 ; 345.982.239 ; 37.315 ; 720.624.807 ; 50.826 ; 748.384.227 ; 95.621 ; 2.224.729.907 ; 155 ; 550.581.636 ; 167 ; 586.592.253 ; 322 ; 1.137.173.888 ; 95.943 ; 3.361.903.795 ;
41;13.059.145;BEXS BANCO DE CÂMBIO S/A; 133 ; 465.008.440 ; 325 ; 83.221.732 ; 58.277 ; 268.616.008 ; 492.479 ; 1.024.100.495 ; 551.214 ; 1.840.946.676 ; 1.234 ; 914.519.043 ; 272 ; 555.253.466 ; 1.506 ; 1.469.772.509 ; 552.720 ; 3.310.719.185 ;
42;46.518.205;JPMORGAN CHASE BANK, NATIONAL ASSOCIATION; -   ; -   ; -   ; -   ; 76 ; 98.049.055 ; 235 ; 1.251.463.982 ; 311 ; 1.349.513.037 ; 66 ; 1.227.698.522 ; 14 ; 74.608.736 ; 80 ; 1.302.307.258 ; 391 ; 2.651.820.295 ;
43;10.690.848;BANCO DA CHINA BRASIL S.A.; 129 ; 788.732.672 ; 56 ; 115.654.233 ; 156 ; 183.879.350 ; 458 ; 58.108.863 ; 799 ; 1.146.375.118 ; 198 ; 304.390.184 ; 310 ; 1.103.279.209 ; 508 ; 1.407.669.393 ; 1.307 ; 2.554.044.511 ;
44;07.656.500;BANCO KDB DO BRASIL S.A.; 1 ; 12.000.000 ; 15 ; 5.245.911 ; 613 ; 329.937.725 ; 1.530 ; 918.817.841 ; 2.159 ; 1.266.001.477 ; 202 ; 889.790.161 ; 156 ; 357.154.649 ; 358 ; 1.246.944.810 ; 2.517 ; 2.512.946.287 ;
45;00.997.185;BANCO B3 S.A.; -   ; -   ; -   ; -   ; 916 ; 800.109.957 ; 734 ; 827.994.028 ; 1.650 ; 1.628.103.985 ; 157 ; 196.588.345 ; 234 ; 168.725.004 ; 391 ; 365.313.349 ; 2.041 ; 1.993.417.334 ;
46;28.811.341;STONEX BANCO DE CÂMBIO S.A.; 360 ; 59.640.104 ; 260 ; 17.653.370 ; 19.810 ; 686.101.288 ; 1.023 ; 63.922.517 ; 21.453 ; 827.317.279 ; 267 ; 52.003.827 ; 850 ; 716.168.350 ; 1.117 ; 768.172.178 ; 22.570 ; 1.595.489.456 ;
47;00.360.305;CAIXA ECONOMICA FEDERAL; 510 ; 207.842.792 ; 429 ; 18.031.938 ; 36.417 ; 204.309.727 ; 15.908 ; 341.343.141 ; 53.264 ; 771.527.598 ; 784 ; 362.516.465 ; 824 ; 395.863.025 ; 1.608 ; 758.379.490 ; 54.872 ; 1.529.907.088 ;
48;33.923.798;BANCO MASTER S/A; 296 ; 306.938.490 ; 627 ; 53.460.533 ; 12.055 ; 252.317.406 ; 1.607 ; 122.388.181 ; 14.585 ; 735.104.610 ; 59 ; 179.684.369 ; 140 ; 524.562.627 ; 199 ; 704.246.997 ; 14.784 ; 1.439.351.607 ;
49;92.856.905;ADVANCED CORRETORA DE CÂMBIO LTDA; 832 ; 22.374.008 ; 7.445 ; 182.961.921 ; 10.127 ; 225.707.708 ; 22.725 ; 334.230.581 ; 41.129 ; 765.274.218 ; 2.460 ; 393.791.010 ; 605 ; 124.559.668 ; 3.065 ; 518.350.678 ; 44.194 ; 1.283.624.897 ;
50;33.657.248;BANCO NACIONAL DE DESENVOLVIMENTO ECONOMICO E SOCIAL; 124 ; 282.092.259 ; -   ; -   ; 154 ; 61.051.564 ; 8 ; 340.405 ; 286 ; 343.484.228 ; -   ; -   ; 22 ; 930.436.145 ; 22 ; 930.436.145 ; 308 ; 1.273.920.373 ;
51;17.453.575;ICBC DO BRASIL BANCO MÚLTIPLO S.A.; 33 ; 110.211.086 ; 9 ; 1.109.390 ; 29 ; 12.439.850 ; 107 ; 144.974.369 ; 178 ; 268.734.695 ; 63 ; 478.046.604 ; 110 ; 467.027.380 ; 173 ; 945.073.984 ; 351 ; 1.213.808.678 ;
52;55.230.916;INTESA SANPAOLO BRASIL S.A. - BANCO MÚLTIPLO; 27 ; 271.020.026 ; 40 ; 6.267.884 ; 81 ; 126.612.308 ; 135 ; 204.052.253 ; 283 ; 607.952.471 ; 28 ; 197.122.218 ; 57 ; 384.591.693 ; 85 ; 581.713.911 ; 368 ; 1.189.666.382 ;
53;34.111.187;HAITONG BANCO DE INVESTIMENTO DO BRASIL S.A.; 21 ; 220.894.430 ; 14 ; 5.879.770 ; 11 ; 7.454.636 ; 54 ; 1.253.157 ; 100 ; 235.481.993 ; 34 ; 334.722.380 ; 55 ; 546.700.405 ; 89 ; 881.422.785 ; 189 ; 1.116.904.778 ;
54;92.702.067;BANCO DO ESTADO DO RIO GRANDE DO SUL S.A.; 1.547 ; 294.755.428 ; 1.684 ; 148.566.555 ; 2.701 ; 111.152.261 ; 3.288 ; 82.794.916 ; 9.220 ; 637.269.160 ; 156 ; 137.463.182 ; 251 ; 302.337.276 ; 407 ; 439.800.457 ; 9.627 ; 1.077.069.617 ;
55;01.181.521;BANCO COOPERATIVO SICREDI S.A.; 4.044 ; 198.037.619 ; 5.074 ; 225.339.699 ; 4.030 ; 110.604.702 ; 2.241 ; 182.673.526 ; 15.389 ; 716.655.546 ; 94 ; 173.790.890 ; 40 ; 97.659.382 ; 134 ; 271.450.272 ; 15.523 ; 988.105.818 ;
56;62.144.175;BANCO PINE S.A.; 109 ; 123.562.262 ; 595 ; 223.555.297 ; 87 ; 81.456.454 ; 1.023 ; 103.942.923 ; 1.814 ; 532.516.937 ; 65 ; 299.652.739 ; 57 ; 127.489.419 ; 122 ; 427.142.158 ; 1.936 ; 959.659.094 ;
57;71.677.850;FRENTE CORRETORA DE CÂMBIO S.A.; 3 ; 433.235 ; 21 ; 886.835 ; 3.248 ; 236.754.552 ; 16.025 ; 413.076.148 ; 19.297 ; 651.150.769 ; 2.755 ; 215.759.621 ; 89 ; 40.411.198 ; 2.844 ; 256.170.818 ; 22.141 ; 907.321.587 ;
58;73.622.748;B&T CORRETORA DE CAMBIO LTDA.; 802 ; 19.204.410 ; 3.403 ; 110.285.751 ; 66.201 ; 130.964.216 ; 177.114 ; 233.553.009 ; 247.520 ; 494.007.385 ; 8.009 ; 283.439.231 ; 588 ; 89.758.527 ; 8.597 ; 373.197.758 ; 256.117 ; 867.205.143 ;
59;61.024.352;BANCO VOITER S.A.; 74 ; 93.036.193 ; 474 ; 153.676.273 ; 938 ; 168.189.644 ; 3.880 ; 224.030.298 ; 5.366 ; 638.932.408 ; 221 ; 164.835.424 ; 195 ; 39.848.862 ; 416 ; 204.684.286 ; 5.782 ; 843.616.695 ;
60;03.609.817;BANCO CARGILL S.A.; 16 ; 117.768.906 ; -   ; -   ; 22 ; 38.103.219 ; 382 ; 187.040.182 ; 420 ; 342.912.308 ; 18 ; 195.000.000 ; 6 ; 300.000.000 ; 24 ; 495.000.000 ; 444 ; 837.912.308 ;
61;32.648.370;FAIR CORRETORA DE CAMBIO S.A.; 595 ; 16.695.631 ; 4.025 ; 137.057.586 ; 8.052 ; 70.050.128 ; 18.763 ; 130.652.955 ; 31.435 ; 354.456.299 ; 3.403 ; 276.490.311 ; 358 ; 95.512.149 ; 3.761 ; 372.002.460 ; 35.196 ; 726.458.759 ;
62;00.416.968;BANCO INTER S.A.; 56 ; 10.598.279 ; 78 ; 1.385.505 ; 64.318 ; 331.354.291 ; 133.369 ; 254.557.315 ; 197.821 ; 597.895.391 ; 33 ; 16.253.523 ; 45 ; 104.617.836 ; 78 ; 120.871.359 ; 197.899 ; 718.766.750 ;
63;13.728.156;WESTERN UNION CORRETORA DE CÂMBIO S.A.; -   ; -   ; -   ; -   ; 671.260 ; 222.322.361 ; 1.054.935 ; 304.323.807 ; 1.726.195 ; 526.646.168 ; 515 ; 115.188.089 ; 867 ; 32.269.483 ; 1.382 ; 147.457.572 ; 1.727.577 ; 674.103.740 ;
64;60.889.128;BANCO SOFISA S.A.; 857 ; 198.935.643 ; 352 ; 27.667.553 ; 94 ; 15.670.587 ; 525 ; 120.584.783 ; 1.828 ; 362.858.567 ; 42 ; 113.700.905 ; 80 ; 179.883.542 ; 122 ; 293.584.448 ; 1.950 ; 656.443.015 ;
65;60.770.336;BANCO ALFA DE INVESTIMENTO S.A.; 113 ; 151.138.665 ; 93 ; 76.454.146 ; 49 ; 3.420.419 ; 356 ; 80.751.156 ; 611 ; 311.764.387 ; 67 ; 180.682.246 ; 65 ; 163.176.259 ; 132 ; 343.858.504 ; 743 ; 655.622.891 ;
66;02.992.317;TREVISO CORRETORA DE CÂMBIO S.A.; 58 ; 5.394.016 ; 393 ; 41.292.534 ; 37.764 ; 75.579.133 ; 70.160 ; 180.177.306 ; 108.375 ; 302.442.988 ; 18.360 ; 222.393.383 ; 1.896 ; 81.816.031 ; 20.256 ; 304.209.414 ; 128.631 ; 606.652.402 ;
67;45.246.410;BANCO GENIAL S.A.; 57 ; 3.455.558 ; 190 ; 22.601.948 ; 1.437 ; 163.980.684 ; 1.713 ; 245.448.664 ; 3.397 ; 435.486.854 ; 77 ; 123.588.554 ; 23 ; 19.389.768 ; 100 ; 142.978.321 ; 3.497 ; 578.465.175 ;
68;30.723.886;BANCO MODAL S.A.; 9 ; 3.438.647 ; 5 ; 529.711 ; 731 ; 219.486.886 ; 692 ; 115.871.408 ; 1.437 ; 339.326.652 ; 7 ; 23.822.181 ; 19 ; 129.334.547 ; 26 ; 153.156.727 ; 1.463 ; 492.483.379 ;
69;24.074.692;GUITTA CORRETORA DE CAMBIO LTDA.; 77 ; 7.183.409 ; 1.023 ; 104.380.489 ; 2.538 ; 42.116.809 ; 10.416 ; 124.249.494 ; 14.054 ; 277.930.202 ; 2.141 ; 196.284.273 ; 176 ; 17.018.255 ; 2.317 ; 213.302.528 ; 16.371 ; 491.232.729 ;
70;17.354.911;COTACAO DISTRIBUIDORA DE TITULOS E VALORES MOBILIARIOS S.A; 25 ; 2.166.950 ; 134 ; 12.913.537 ; 78.484 ; 87.973.923 ; 263.429 ; 208.375.615 ; 342.072 ; 311.430.026 ; 5.055 ; 150.560.997 ; 296 ; 19.386.540 ; 5.351 ; 169.947.538 ; 347.423 ; 481.377.563 ;
71;00.250.699;AGK CORRETORA DE CAMBIO S.A.; 601 ; 17.988.259 ; 4.263 ; 146.302.808 ; 2.673 ; 38.179.546 ; 6.105 ; 54.233.048 ; 13.642 ; 256.703.661 ; 2.186 ; 178.900.942 ; 369 ; 34.535.084 ; 2.555 ; 213.436.025 ; 16.197 ; 470.139.686 ;
72;02.318.507;BANCO KEB HANA DO BRASIL S.A.; 2 ; 538.174 ; 104 ; 129.847.377 ; 295 ; 40.543.006 ; 689 ; 95.290.193 ; 1.090 ; 266.218.751 ; 243 ; 193.993.981 ; 29 ; 9.914.360 ; 272 ; 203.908.341 ; 1.362 ; 470.127.091 ;
73;04.913.129;CONFIDENCE CORRETORA DE CÂMBIO S.A.; 2 ; 230.430 ; 5 ; 54.342 ; 138.336 ; 56.689.935 ; 267.604 ; 219.778.211 ; 405.947 ; 276.752.919 ; 12.531 ; 178.011.035 ; 4.809 ; 14.457.675 ; 17.340 ; 192.468.711 ; 423.287 ; 469.221.629 ;
74;11.495.073;OM DISTRIBUIDORA DE TÍTULOS E VALORES MOBILIÁRIOS LTDA; 40 ; 1.134.437 ; 524 ; 18.624.477 ; 33.193 ; 18.679.868 ; 50.649 ; 102.007.126 ; 84.406 ; 140.445.908 ; 8.777 ; 205.944.740 ; 666 ; 105.525.440 ; 9.443 ; 311.470.180 ; 93.849 ; 451.916.088 ;
75;59.118.133;BANCO LUSO BRASILEIRO S.A.; 206 ; 46.774.673 ; 546 ; 129.658.975 ; 115 ; 12.167.625 ; 648 ; 20.914.548 ; 1.515 ; 209.515.821 ; 818 ; 162.666.385 ; 330 ; 71.035.950 ; 1.148 ; 233.702.334 ; 2.663 ; 443.218.156 ;
76;08.609.934;MONEYCORP BANCO DE CÂMBIO S.A.; 64 ; 8.437.379 ; 141 ; 23.683.666 ; 1.015 ; 98.656.634 ; 2.878 ; 109.671.962 ; 4.098 ; 240.449.641 ; 585 ; 82.531.363 ; 310 ; 56.229.780 ; 895 ; 138.761.144 ; 4.993 ; 379.210.785 ;
77;31.895.683;BANCO INDUSTRIAL DO BRASIL S.A.; 110 ; 86.343.656 ; 267 ; 32.025.065 ; 239 ; 12.754.720 ; 560 ; 32.519.904 ; 1.176 ; 163.643.346 ; 241 ; 66.898.883 ; 109 ; 137.136.666 ; 350 ; 204.035.549 ; 1.526 ; 367.678.895 ;
78;16.944.141;BROKER BRASIL CORRETORA DE CÂMBIO LTDA.; 43 ; 4.322.850 ; 838 ; 69.728.891 ; 1.203 ; 15.021.191 ; 5.958 ; 75.002.351 ; 8.042 ; 164.075.284 ; 4.856 ; 143.045.966 ; 806 ; 17.658.130 ; 5.662 ; 160.704.095 ; 13.704 ; 324.779.379 ;
79;61.186.680;BANCO BMG S.A.; 9 ; 13.339.478 ; -   ; -   ; 48 ; 23.335.164 ; 254 ; 12.325.242 ; 311 ; 48.999.884 ; 17 ; 160.341.800 ; 17 ; 108.860.000 ; 34 ; 269.201.800 ; 345 ; 318.201.684 ;
80;74.828.799;NOVO BANCO CONTINENTAL S.A. - BANCO MÚLTIPLO; 78 ; 10.506.302 ; 52 ; 1.453.201 ; 12 ; 13.610.340 ; 172 ; 117.272.072 ; 314 ; 142.841.914 ; 22 ; 118.812.970 ; 10 ; 29.814.311 ; 32 ; 148.627.281 ; 346 ; 291.469.195 ;
81;13.220.493;BR PARTNERS BANCO DE INVESTIMENTO S.A.; 2 ; 9.645.000 ; 28 ; 6.129.606 ; 22 ; 30.921.130 ; 220 ; 82.106.131 ; 272 ; 128.801.867 ; 10 ; 89.000.000 ; 5 ; 40.000.000 ; 15 ; 129.000.000 ; 287 ; 257.801.867 ;
82;92.894.922;BANCO ORIGINAL S.A.; 2 ; 879.153 ; 3 ; 446.574 ; 395 ; 6.948.260 ; 738 ; 77.343.935 ; 1.138 ; 85.617.922 ; 25 ; 121.558.071 ; 12 ; 50.058.281 ; 37 ; 171.616.352 ; 1.175 ; 257.234.274 ;
83;12.392.983;MIRAE ASSET WEALTH MANAGEMENT (BRAZIL) CORRETORA DE CÂMBIO, TÍTULOS E VALORES MOBILIÁRIOS LTDA.; 13 ; 1.436.342 ; 827 ; 89.747.400 ; 220 ; 2.488.078 ; 1.271 ; 23.176.928 ; 2.331 ; 116.848.749 ; 2.030 ; 116.327.551 ; 287 ; 7.327.609 ; 2.317 ; 123.655.159 ; 4.648 ; 240.503.908 ;
84;76.641.497;DOURADA CORRETORA DE CÂMBIO LTDA.; 242 ; 32.214.569 ; 426 ; 27.563.166 ; 3.723 ; 13.159.818 ; 16.722 ; 52.171.168 ; 21.113 ; 125.108.722 ; 4.217 ; 71.005.949 ; 538 ; 36.620.892 ; 4.755 ; 107.626.841 ; 25.868 ; 232.735.563 ;
85;04.062.902;OZ CORRETORA DE CÂMBIO S.A.; 25 ; 1.636.257 ; 356 ; 30.929.845 ; 1.940 ; 19.100.003 ; 2.868 ; 57.188.829 ; 5.189 ; 108.854.933 ; 2.734 ; 89.377.486 ; 732 ; 21.995.895 ; 3.466 ; 111.373.381 ; 8.655 ; 220.228.314 ;
86;02.038.232;BANCO COOPERATIVO SICOOB S.A. - BANCO SICOOB; 198 ; 30.591.693 ; 151 ; 19.710.269 ; 1.155 ; 23.813.285 ; 1.305 ; 84.033.393 ; 2.809 ; 158.148.640 ; 37 ; 54.531.630 ; 2 ; 2.212.480 ; 39 ; 56.744.110 ; 2.848 ; 214.892.750 ;
87;33.466.988;BANCO CAIXA GERAL - BRASIL S.A.; 28 ; 33.580.185 ; 29 ; 12.319.140 ; 50 ; 16.667.785 ; 298 ; 10.793.352 ; 405 ; 73.360.463 ; 13 ; 29.351.165 ; 21 ; 103.636.053 ; 34 ; 132.987.218 ; 439 ; 206.347.680 ;
88;07.237.373;BANCO DO NORDESTE DO BRASIL S.A.; 104 ; 45.888.355 ; 81 ; 32.639.675 ; 64 ; 1.308.958 ; 170 ; 16.069.898 ; 419 ; 95.906.886 ; 46 ; 54.237.961 ; 55 ; 50.954.601 ; 101 ; 105.192.563 ; 520 ; 201.099.449 ;
89;50.579.044;LEVYCAM - CORRETORA DE CAMBIO E VALORES LTDA.; 24 ; 2.353.586 ; 341 ; 35.351.785 ; 848 ; 14.850.791 ; 6.037 ; 55.052.267 ; 7.250 ; 107.608.428 ; 3.896 ; 82.849.856 ; 858 ; 9.647.153 ; 4.754 ; 92.497.009 ; 12.004 ; 200.105.438 ;
90;15.357.060;BANCO WOORI BANK DO BRASIL S.A.; 19 ; 4.709.075 ; 231 ; 23.251.254 ; 457 ; 30.534.994 ; 953 ; 43.728.504 ; 1.660 ; 102.223.828 ; 418 ; 55.441.646 ; 120 ; 23.728.600 ; 538 ; 79.170.246 ; 2.198 ; 181.394.074 ;
91;30.183.111;TROCKA CORRETORA DE CAMBIO LTDA.; -   ; -   ; 6 ; 1.028.567 ; 9.781 ; 6.017.358 ; 14.971 ; 20.773.756 ; 24.758 ; 27.819.680 ; 4.775 ; 72.757.308 ; 413 ; 56.953.923 ; 5.188 ; 129.711.231 ; 29.946 ; 157.530.912 ;
92;40.353.377;FOURTRADE CORRETORA DE CÂMBIO LTDA.; 10 ; 543.659 ; 628 ; 29.789.576 ; 916 ; 7.333.530 ; 4.624 ; 41.493.064 ; 6.178 ; 79.159.829 ; 1.369 ; 68.099.609 ; 82 ; 4.691.084 ; 1.451 ; 72.790.692 ; 7.629 ; 151.950.522 ;
93;40.333.582;PROSEFTUR CORRETORA DE CAMBIO S.A; 20 ; 388.620 ; 229 ; 13.608.220 ; 418 ; 3.895.921 ; 2.139 ; 40.703.186 ; 2.806 ; 58.595.948 ; 2.108 ; 55.050.654 ; 486 ; 5.027.071 ; 2.594 ; 60.077.725 ; 5.400 ; 118.673.673 ;
94;36.658.769;BANCO XCMG BRASIL S.A.; -   ; -   ; 9 ; 25.737.222 ; 2 ; 1.500.000 ; 39 ; 26.238.083 ; 50 ; 53.475.306 ; 33 ; 56.009.015 ; 4 ; 5.518.000 ; 37 ; 61.527.015 ; 87 ; 115.002.321 ;
95;17.904.906;BRX CORRETORA DE CÂMBIO LTDA.; 2 ; 198.295 ; 6 ; 205.978 ; 6.099 ; 3.671.732 ; 12.781 ; 14.649.359 ; 18.888 ; 18.725.364 ; 2.159 ; 50.836.202 ; 393 ; 39.846.183 ; 2.552 ; 90.682.385 ; 21.440 ; 109.407.748 ;
96;34.265.629;INTERCAM CORRETORA DE CÂMBIO LTDA.; 21 ; 479.273 ; 757 ; 36.966.572 ; 330 ; 7.172.593 ; 2.301 ; 10.168.274 ; 3.409 ; 54.786.712 ; 1.650 ; 46.751.981 ; 248 ; 7.270.416 ; 1.898 ; 54.022.397 ; 5.307 ; 108.809.110 ;
97;06.373.777;BOA VIAGEM SOCIEDADE CORRETORA DE CÂMBIO LTDA.; 2 ; 23.398 ; 381 ; 11.082.976 ; 10.566 ; 9.192.483 ; 16.224 ; 28.343.584 ; 27.173 ; 48.642.441 ; 4.028 ; 44.767.823 ; 247 ; 14.516.514 ; 4.275 ; 59.284.337 ; 31.448 ; 107.926.778 ;
98;19.086.249;EXECUTIVE CORRETORA DE CÂMBIO LTDA.; -   ; -   ; 37 ; 3.470.151 ; 17.249 ; 14.732.970 ; 29.191 ; 40.753.434 ; 46.477 ; 58.956.555 ; 3.538 ; 38.457.176 ; 665 ; 9.022.381 ; 4.203 ; 47.479.557 ; 50.680 ; 106.436.112 ;
99;17.508.380;INVEST CORRETORA DE CÂMBIO LTDA.; -   ; -   ; -   ; -   ; 83.748 ; 19.153.251 ; 81.786 ; 42.225.706 ; 165.534 ; 61.378.957 ; 2.433 ; 31.065.609 ; 45 ; 7.976.043 ; 2.478 ; 39.041.652 ; 168.012 ; 100.420.609 ;
100;61.444.949;SAGITUR CORRETORA DE CÂMBIO S.A.; 14 ; 1.175.096 ; 564 ; 10.535.234 ; 6.607 ; 8.641.035 ; 1.266 ; 29.739.672 ; 8.451 ; 50.091.037 ; 866 ; 37.282.764 ; 325 ; 6.827.740 ; 1.191 ; 44.110.504 ; 9.642 ; 94.201.541 ;
101;00.806.535;PLANNER CORRETORA DE VALORES S.A.; 34 ; 6.386.844 ; 268 ; 13.492.856 ; 179 ; 5.911.889 ; 319 ; 12.511.074 ; 800 ; 38.302.663 ; 514 ; 25.878.390 ; 189 ; 12.173.348 ; 703 ; 38.051.738 ; 1.503 ; 76.354.401 ;
102;34.666.362;MONOPÓLIO CORRETORA DE CÂMBIO LTDA.; -   ; -   ; -   ; -   ; 5.628 ; 2.402.041 ; 4.121 ; 3.487.817 ; 9.749 ; 5.889.858 ; 293 ; 34.604.328 ; 185 ; 33.495.824 ; 478 ; 68.100.152 ; 10.227 ; 73.990.010 ;
103;04.913.711;BANCO DO ESTADO DO PARÁ S.A.; 263 ; 20.725.984 ; 15 ; 1.975.299 ; 112 ; 3.976.662 ; 591 ; 4.711.807 ; 981 ; 31.389.752 ; 26 ; 10.086.741 ; 92 ; 28.364.388 ; 118 ; 38.451.130 ; 1.099 ; 69.840.881 ;
104;10.853.017;GET MONEY CORRETORA DE CÂMBIO S.A.; -   ; -   ; 5 ; 284.833 ; 31.925 ; 15.418.456 ; 40.830 ; 33.799.299 ; 72.760 ; 49.502.588 ; 4.859 ; 19.304.257 ; 22 ; 477.056 ; 4.881 ; 19.781.313 ; 77.641 ; 69.283.901 ;
105;73.302.408;EXIM CORRETORA DE CAMBIO LTDA; 26 ; 601.170 ; 259 ; 6.005.147 ; 800 ; 10.433.783 ; 3.889 ; 20.758.789 ; 4.974 ; 37.798.889 ; 1.278 ; 22.919.512 ; 420 ; 7.186.605 ; 1.698 ; 30.106.117 ; 6.672 ; 67.905.006 ;
106;54.403.563;BANCO ARBI S.A.; 5 ; 32.771 ; 115 ; 19.125.432 ; 15 ; 13.399.657 ; 110 ; 6.555.945 ; 245 ; 39.113.804 ; 43 ; 20.499.698 ; 11 ; 8.201.347 ; 54 ; 28.701.045 ; 299 ; 67.814.850 ;
107;94.968.518;EFX CORRETORA DE CÂMBIO LTDA.; 18 ; 2.463.948 ; 18 ; 2.041.275 ; 852 ; 12.557.913 ; 1.327 ; 22.873.099 ; 2.215 ; 39.936.235 ; 592 ; 18.718.641 ; 306 ; 8.829.782 ; 898 ; 27.548.423 ; 3.113 ; 67.484.658 ;
108;14.190.547;CAMBIONET CORRETORA DE CÂMBIO LTDA.; 2 ; 94.967 ; 138 ; 1.895.289 ; 8.161 ; 6.381.478 ; 23.344 ; 26.935.840 ; 31.645 ; 35.307.574 ; 4.008 ; 25.282.097 ; 341 ; 2.954.619 ; 4.349 ; 28.236.717 ; 35.994 ; 63.544.291 ;
109;06.132.348;LABOR SOCIEDADE CORRETORA DE CÂMBIO LTDA.; 124 ; 3.824.961 ; 316 ; 9.081.045 ; 17.841 ; 7.864.097 ; 18.917 ; 15.240.657 ; 37.198 ; 36.010.759 ; 1.140 ; 17.789.108 ; 175 ; 5.066.226 ; 1.315 ; 22.855.333 ; 38.513 ; 58.866.093 ;
110;27.842.177;IB CORRETORA DE CÂMBIO, TÍTULOS E VALORES MOBILIÁRIOS S.A.; 9 ; 968.452 ; 54 ; 3.596.022 ; 484 ; 12.393.217 ; 3.095 ; 12.488.360 ; 3.642 ; 29.446.051 ; 671 ; 13.482.306 ; 681 ; 10.753.485 ; 1.352 ; 24.235.792 ; 4.994 ; 53.681.842 ;
111;04.684.647;ARC CORRETORA DE CAMBIO, ASSOCIADOS GOUVEIA, CAMPEDELLI S.A.; 423 ; 1.651.337 ; 161 ; 2.940.840 ; 1.435 ; 17.663.129 ; 1.943 ; 11.912.612 ; 3.962 ; 34.167.919 ; 336 ; 6.743.906 ; 171 ; 11.188.778 ; 507 ; 17.932.685 ; 4.469 ; 52.100.603 ;
112;00.795.423;BANCO SEMEAR S.A.; 4 ; 279.583 ; 221 ; 8.399.227 ; 51 ; 8.428.847 ; 364 ; 9.901.432 ; 640 ; 27.009.089 ; 92 ; 16.943.348 ; 22 ; 7.113.149 ; 114 ; 24.056.497 ; 754 ; 51.065.586 ;
113;00.000.208;BRB - BANCO DE BRASILIA S.A.; -   ; -   ; 2 ; 473.062 ; 190 ; 924.504 ; 1.540 ; 22.204.915 ; 1.732 ; 23.602.481 ; 33 ; 22.001.971 ; 4 ; 54.730 ; 37 ; 22.056.700 ; 1.769 ; 45.659.182 ;
114;18.287.740;CONECTA CORRETORA DE CÂMBIO LTDA.; 2 ; 110.047 ; 26 ; 2.141.070 ; 1.375 ; 4.858.037 ; 4.652 ; 14.762.626 ; 6.055 ; 21.871.780 ; 1.549 ; 16.423.403 ; 146 ; 4.490.924 ; 1.695 ; 20.914.327 ; 7.750 ; 42.786.107 ;
115;17.772.370;VIP'S CORRETORA DE CÂMBIO LTDA.; -   ; -   ; 23 ; 1.815.542 ; 1.318 ; 5.247.794 ; 4.028 ; 13.921.673 ; 5.369 ; 20.985.008 ; 699 ; 11.843.606 ; 10 ; 1.309.646 ; 709 ; 13.153.252 ; 6.078 ; 34.138.260 ;
116;77.162.881;DEBONI DISTRIBUIDORA DE TITULOS E VALORES MOBILIARIOS LTDA; 3 ; 41.438 ; 225 ; 4.666.897 ; 1.369 ; 897.714 ; 4.078 ; 9.381.162 ; 5.675 ; 14.987.211 ; 1.143 ; 15.817.261 ; 101 ; 2.707.505 ; 1.244 ; 18.524.766 ; 6.919 ; 33.511.977 ;
117;15.482.499;TURCÂMBIO - CORRETORA DE CÂMBIO LTDA.; 13 ; 145.787 ; 83 ; 2.050.624 ; 15.771 ; 8.694.557 ; 18.474 ; 12.247.008 ; 34.341 ; 23.137.975 ; 698 ; 6.690.526 ; 60 ; 1.248.443 ; 758 ; 7.938.969 ; 35.099 ; 31.076.944 ;
118;25.280.945;AVS CORRETORA DE CÂMBIO LTDA.; 71 ; 185.069 ; 147 ; 2.349.816 ; 5.366 ; 2.997.993 ; 8.664 ; 12.036.702 ; 14.248 ; 17.569.579 ; 1.028 ; 11.782.664 ; 48 ; 548.784 ; 1.076 ; 12.331.448 ; 15.324 ; 29.901.028 ;
119;33.042.953;CITIBANK N.A.; -   ; -   ; -   ; -   ; 18 ; 407.206 ; 47 ; 25.122.155 ; 65 ; 25.529.361 ; -   ; -   ; -   ; -   ; -   ; -   ; 65 ; 25.529.361 ;
120;15.168.152;CONSEGTUR CORRETORA DE CÂMBIO LTDA.; -   ; -   ; 21 ; 315.223 ; 60 ; 172.435 ; 1.645 ; 11.929.142 ; 1.726 ; 12.416.800 ; 1.431 ; 12.135.892 ; 15 ; 63.648 ; 1.446 ; 12.199.540 ; 3.172 ; 24.616.340 ;
121;80.202.872;CORREPARTI CORRETORA DE CAMBIO LTDA; 19 ; 693.977 ; 249 ; 5.318.170 ; 851 ; 2.778.992 ; 2.948 ; 3.621.436 ; 4.067 ; 12.412.576 ; 925 ; 8.683.455 ; 149 ; 3.188.240 ; 1.074 ; 11.871.695 ; 5.141 ; 24.284.272 ;
122;07.333.726;ONNIX CORRETORA DE CÂMBIO LTDA.; 10 ; 447.255 ; 123 ; 6.685.981 ; 69 ; 970.934 ; 200 ; 3.943.579 ; 402 ; 12.047.748 ; 197 ; 10.146.946 ; 42 ; 935.480 ; 239 ; 11.082.426 ; 641 ; 23.130.175 ;
123;17.312.083;H H PICCHIONI S/A CORRETORA DE CAMBIO E VALORES MOBILIARIOS; -   ; -   ; -   ; -   ; 2.343 ; 1.791.957 ; 10.120 ; 11.184.097 ; 12.463 ; 12.976.054 ; 1.025 ; 9.751.770 ; 16 ; 379.177 ; 1.041 ; 10.130.948 ; 13.504 ; 23.107.002 ;
124;17.312.661;AMARIL FRANKLIN CORRETORA DE TÍTULOS E VALORES LTDA; 72 ; 5.659.655 ; 7 ; 442.060 ; 255 ; 3.684.653 ; 218 ; 1.625.827 ; 552 ; 11.412.195 ; 142 ; 2.066.936 ; 318 ; 9.343.608 ; 460 ; 11.410.543 ; 1.012 ; 22.822.738 ;
125;33.851.064;DILLON S/A DISTRIBUIDORA DE TITULOS E VALORES MOBILIARIOS; 8 ; 949.896 ; 27 ; 2.553.162 ; 180 ; 3.819.894 ; 246 ; 3.253.661 ; 461 ; 10.576.613 ; 370 ; 6.380.760 ; 272 ; 5.342.907 ; 642 ; 11.723.667 ; 1.103 ; 22.300.280 ;
126;33.042.151;BANCO DE LA NACION ARGENTINA; 8 ; 7.689.029 ; 11 ; 1.468.192 ; 2.116 ; 1.621.325 ; 153 ; 319.701 ; 2.288 ; 11.098.247 ; 3 ; 1.295.461 ; 11 ; 8.615.540 ; 14 ; 9.911.001 ; 2.302 ; 21.009.248 ;
127;17.635.177;CONEXION CORRETORA DE CÂMBIO LTDA.; -   ; -   ; 5 ; 35.496 ; 166 ; 1.218.111 ; 3.700 ; 9.510.345 ; 3.871 ; 10.763.953 ; 2.043 ; 9.158.634 ; 31 ; 831.202 ; 2.074 ; 9.989.836 ; 5.945 ; 20.753.789 ;
128;15.122.605;LÚMINA CORRETORA DE CÂMBIO LTDA.; -   ; -   ; -   ; -   ; 10.090 ; 3.569.002 ; 11.001 ; 8.630.268 ; 21.091 ; 12.199.270 ; 603 ; 5.449.961 ; 9 ; 51.832 ; 612 ; 5.501.793 ; 21.703 ; 17.701.063 ;
129;13.720.915;BANCO WESTERN UNION DO BRASIL S.A.; -   ; -   ; -   ; -   ; -   ; -   ; 5 ; 5.012 ; 5 ; 5.012 ; 10 ; 8.375.249 ; 16 ; 8.370.851 ; 26 ; 16.746.100 ; 31 ; 16.751.112 ;
130;71.590.442;LASTRO RDV DISTRIBUIDORA DE TÍTULOS E VALORES MOBILIÁRIOS LTDA.; 1 ; 59.984 ; 28 ; 2.107.797 ; 150 ; 554.896 ; 864 ; 5.574.187 ; 1.043 ; 8.296.864 ; 814 ; 7.699.856 ; 67 ; 619.333 ; 881 ; 8.319.189 ; 1.924 ; 16.616.053 ;
131;73.279.093;PACIFIC INVEST DISTRIBUIDORA DE TITULOS E VALORES MOBILIARIOS LTDA; 9 ; 347.538 ; 3 ; 31.171 ; 1.147 ; 775.013 ; 5.902 ; 7.675.845 ; 7.061 ; 8.829.567 ; 818 ; 6.984.975 ; 15 ; 393.833 ; 833 ; 7.378.808 ; 7.894 ; 16.208.375 ;
132;04.902.979;BANCO DA AMAZONIA S.A.; 17 ; 4.166.326 ; 3 ; 360.230 ; 172 ; 3.322.366 ; 149 ; 374.922 ; 341 ; 8.223.844 ; 4 ; 295.246 ; 62 ; 6.995.383 ; 66 ; 7.290.629 ; 407 ; 15.514.473 ;
133;17.184.037;BANCO MERCANTIL DO BRASIL S.A.; -   ; -   ; -   ; -   ; 263 ; 640.417 ; 304 ; 2.019.425 ; 567 ; 2.659.843 ; 43 ; 6.304.577 ; 23 ; 5.020.800 ; 66 ; 11.325.377 ; 633 ; 13.985.220 ;
134;21.040.668;GLOBAL EXCHANGE DO BRASIL SOCIEDADE CORRETORA DE CÂMBIO LTDA.; -   ; -   ; -   ; -   ; 24.459 ; 6.631.496 ; 12.004 ; 3.771.895 ; 36.463 ; 10.403.390 ; 22 ; 142.420 ; 209 ; 3.036.809 ; 231 ; 3.179.229 ; 36.694 ; 13.582.620 ;
135;08.520.517;SOL CORRETORA DE CÂMBIO LTDA.; -   ; -   ; 2 ; 3.030 ; 7.623 ; 3.460.260 ; 4.889 ; 5.393.613 ; 12.514 ; 8.856.903 ; 369 ; 3.139.120 ; 38 ; 1.202.838 ; 407 ; 4.341.958 ; 12.921 ; 13.198.861 ;
136;44.189.447;BANCO DE LA PROVINCIA DE BUENOS AIRES; 45 ; 8.171.999 ; -   ; -   ; 50 ; 54.686 ; 37 ; 60.520 ; 132 ; 8.287.204 ; 1 ; 10.000 ; 11 ; 4.650.000 ; 12 ; 4.660.000 ; 144 ; 12.947.204 ;
137;16.854.999;SINGRATUR CORRETORA DE CÂMBIO LTDA; -   ; -   ; 2 ; 25.096 ; 498 ; 444.733 ; 3.008 ; 6.366.831 ; 3.508 ; 6.836.660 ; 858 ; 5.989.679 ; 26 ; 33.402 ; 884 ; 6.023.081 ; 4.392 ; 12.859.741 ;
138;23.010.182;GOOD CORRETORA DE CÂMBIO LTDA; -   ; -   ; -   ; -   ; 2.758 ; 1.611.559 ; 6.242 ; 6.152.939 ; 9.000 ; 7.764.498 ; 564 ; 4.695.387 ; 19 ; 144.340 ; 583 ; 4.839.727 ; 9.583 ; 12.604.225 ;
139;59.285.411;BANCO PAN S.A.; -   ; -   ; -   ; -   ; 29 ; 1.027.191 ; 151 ; 5.289.603 ; 180 ; 6.316.794 ; 26 ; 5.090.000 ; 2 ; 793.000 ; 28 ; 5.883.000 ; 208 ; 12.199.794 ;
140;28.762.249;SADOC SOCIEDADE CORRETORA DE CÂMBIO LTDA.; 1 ; 5.850 ; 13 ; 612.892 ; 3.068 ; 2.649.506 ; 3.712 ; 4.538.176 ; 6.794 ; 7.806.424 ; 160 ; 3.386.496 ; 36 ; 919.671 ; 196 ; 4.306.167 ; 6.990 ; 12.112.591 ;
141;13.673.855;FRAM CAPITAL DISTRIBUIDORA DE TÍTULOS E VALORES MOBILIÁRIOS S.A.; 3 ; 674.654 ; 26 ; 1.071.678 ; 64 ; 1.909.660 ; 232 ; 1.963.986 ; 325 ; 5.619.978 ; 225 ; 3.050.783 ; 60 ; 2.595.689 ; 285 ; 5.646.472 ; 610 ; 11.266.450 ;
142;59.615.005;PATACÃO DISTRIBUIDORA DE TÍTULOS E VALORES MOBILIÁRIOS LTDA.; 3 ; 208.281 ; 42 ; 1.003.730 ; 26 ; 312.081 ; 452 ; 3.497.250 ; 523 ; 5.021.342 ; 402 ; 4.655.161 ; 37 ; 674.590 ; 439 ; 5.329.751 ; 962 ; 10.351.093 ;
143;16.927.221;AMAZÔNIA CORRETORA DE CÂMBIO LTDA.; -   ; -   ; -   ; -   ; 2.024 ; 623.627 ; 4.030 ; 4.371.954 ; 6.054 ; 4.995.581 ; 646 ; 3.766.169 ; 1 ; 483 ; 647 ; 3.766.652 ; 6.701 ; 8.762.233 ;
144;61.033.106;BANCO CREFISA S.A.; -   ; -   ; -   ; -   ; 21 ; 567.756 ; 49 ; 3.495.583 ; 70 ; 4.063.339 ; 24 ; 3.110.267 ; -   ; -   ; 24 ; 3.110.267 ; 94 ; 7.173.605 ;
145;18.145.784;NUMATUR CORRETORA DE CÂMBIO LTDA.; -   ; -   ; -   ; -   ; 249 ; 156.370 ; 1.117 ; 2.833.097 ; 1.366 ; 2.989.467 ; 307 ; 2.679.684 ; 1 ; 3.696 ; 308 ; 2.683.380 ; 1.674 ; 5.672.847 ;
146;62.280.490;DIBRAN DISTRIBUIDORA DE TÍTULOS E VALORES MOBILIÁRIOS LTDA.; -   ; -   ; 9 ; 769.087 ; 34 ; 168.478 ; 624 ; 1.683.317 ; 667 ; 2.620.882 ; 492 ; 2.500.100 ; 17 ; 260.179 ; 509 ; 2.760.278 ; 1.176 ; 5.381.161 ;
147;15.761.217;CORRETORA DE CÂMBIO AÇORIANA LIMITADA.; -   ; -   ; -   ; -   ; 103 ; 109.187 ; 1.740 ; 2.468.828 ; 1.843 ; 2.578.015 ; 550 ; 2.368.371 ; 6 ; 8.980 ; 556 ; 2.377.351 ; 2.399 ; 4.955.366 ;
148;33.775.974;ATIVA INVESTIMENTOS S.A. CORRETORA DE TÍTULOS, CÂMBIO E VALORES; -   ; -   ; 1 ; 3.400 ; 9 ; 363.962 ; 111 ; 1.608.088 ; 121 ; 1.975.450 ; 51 ; 1.576.587 ; 6 ; 303.798 ; 57 ; 1.880.385 ; 178 ; 3.855.835 ;
149;00.460.065;COLUNA S/A DISTRIBUIDORA DE TITULOS E VALORES MOBILIÁRIOS; -   ; -   ; -   ; -   ; 1.446 ; 576.035 ; 1.346 ; 1.370.704 ; 2.792 ; 1.946.739 ; 57 ; 1.080.771 ; -   ; -   ; 57 ; 1.080.771 ; 2.849 ; 3.027.510 ;
150;45.056.494;MARMARIS CORRETORA DE CÂMBIO LTDA.; -   ; -   ; -   ; -   ; 1.860 ; 982.327 ; 1.310 ; 1.426.808 ; 3.170 ; 2.409.135 ; 119 ; 485.737 ; 2 ; 10.000 ; 121 ; 495.737 ; 3.291 ; 2.904.871 ;
151;20.155.248;PARMETAL DISTRIBUIDORA DE TÍTULOS E VALORES MOBILIÁRIOS LTDA; -   ; -   ; -   ; -   ; 363 ; 187.141 ; 805 ; 1.013.409 ; 1.168 ; 1.200.550 ; 63 ; 772.152 ; -   ; -   ; 63 ; 772.152 ; 1.231 ; 1.972.703 ;
152;03.443.143;AVIPAM CORRETORA DE CAMBIO LTDA; -   ; -   ; -   ; -   ; 16 ; 104.688 ; 47 ; 458.343 ; 63 ; 563.031 ; 44 ; 419.403 ; 15 ; 66.639 ; 59 ; 486.041 ; 122 ; 1.049.073 ;
153;41.560.568;PRONANCE SOCIEDADE CORRETORA DE CÂMBIO LTDA; -   ; -   ; -   ; -   ; 460 ; 291.095 ; 452 ; 497.344 ; 912 ; 788.440 ; 46 ; 219.816 ; -   ; -   ; 46 ; 219.816 ; 958 ; 1.008.256 ;
154;28.127.603;BANESTES S.A. BANCO DO ESTADO DO ESPIRITO SANTO; 10 ; 17.167 ; -   ; -   ; 4 ; 102.198 ; 5 ; 127.954 ; 19 ; 247.319 ; -   ; -   ; -   ; -   ; -   ; -   ; 19 ; 247.319 ;
155;15.077.393;MEGA CORRETORA DE CÂMBIO LTDA.; -   ; -   ; -   ; -   ; 16 ; 12.660 ; 66 ; 83.122 ; 82 ; 95.783 ; 9 ; 56.294 ; -   ; -   ; 9 ; 56.294 ; 91 ; 152.077 ;
156;50.585.090;BCV - BANCO DE CRÉDITO E VAREJO S.A.; -   ; -   ; -   ; -   ; -   ; -   ; 5 ; 60.089 ; 5 ; 60.089 ; 5 ; 60.000 ; -   ; -   ; 5 ; 60.000 ; 10 ; 120.089 ;
157;09.512.542;CODEPE CORRETORA DE VALORES E CÂMBIO S.A.; -   ; -   ; -   ; -   ; -   ; -   ; 18 ; 17.197 ; 18 ; 17.197 ; 1 ; 50.000 ; 1 ; 2.955 ; 2 ; 52.955 ; 20 ; 70.152 ;
158;33.886.862;MASTER S/A CORRETORA DE CÂMBIO, TÍTULOS E VALORES MOBILIÁRIOS; -   ; -   ; -   ; -   ; -   ; -   ; -   ; -   ; -   ; -   ; 5 ; 32.500 ; 5 ; 32.500 ; 10 ; 65.000 ; 10 ; 65.000 ;
159;38.486.817;BANCO DE DESENVOLVIMENTO DE MINAS GERAIS S.A.-BDMG; -   ; -   ; -   ; -   ; -   ; -   ; 21 ; 62.049 ; 21 ; 62.049 ; -   ; -   ; -   ; -   ; -   ; -   ; 21 ; 62.049 ;
160;04.866.275;BANCO INBURSA S.A.; -   ; -   ; -   ; -   ; -   ; -   ; 6 ; 4.524 ; 6 ; 4.524 ; -   ; -   ; -   ; -   ; -   ; -   ; 6 ; 4.524 ;
161;89.784.367;EBADIVAL - E. BAGGIO DISTRIBUIDORA DE TÍTULOS E VALORES MOBILIÁRIOS LTDA.; -   ; -   ; -   ; -   ; -   ; -   ; 1 ; 1.071 ; 1 ; 1.071 ; -   ; -   ; -   ; -   ; -   ; -   ; 1 ; 1.071 ;
162;52.937.216;BEXS CORRETORA DE CÂMBIO S/A; -   ; -   ; -   ; -   ; -   ; -   ; -   ; -   ; -   ; -   ; 1 ; 100 ; 1 ; 100 ; 2 ; 200 ; 2 ; 200 ;
;;;;;;;;;;;;;;;;;;;;;
Total;;; 139.159 ; 118.249.816.105 ; 373.481 ; 83.703.791.238 ; 6.815.778 ; 232.115.895.534 ; 9.442.699 ; 255.054.604.818 ; 16.771.117 ; 689.124.107.695 ; 218.408 ; 401.069.568.103 ; 218.408 ; 401.360.212.612 ; 436.816 ; 802.429.780.715 ; 17.207.933 ; 1.491.553.888.410 ;
"Informações prestadas pelas Instituições no Sistema Câmbio;";;;;;;;;;;;;;;;;;;;;;
Dados extraídos em: 11.06.2023.;;;;;;;;;;;;;;;;;;; ; ;
Obs. Os dados para o Mercado Primário não incluem os registros de ingresso direcionado do arquivo ACAM204.;;;;;;;;;;;;;;;;;;; ; ;
Obs. Os dados para o Mercado Interbancário referem-se a registros de operações de arbitragens (no País e no exterior), operações entre instituições e operações com o Banco Central do Brasil.;;;;;;;;;;;;;;;;;;;;;
